{
    "batchName": "",
    "batchTime": 1661494337,
    "boardConf": "IR-C00M01-00",
    "boardCustom": "",
    "boardName": "DM9098",
    "boardOptions": 4,
    "boardRev": "R6M2E6",
    "cameraData": [
        [
            2,
            {
                "cameraType": 0,
                "distortionCoeff": [
                    -9.642341613769531,
                    111.09458923339844,
                    0.0004287798365112394,
                    -0.001038240035995841,
                    -49.23695755004883,
                    -9.678516387939453,
                    110.33429718017578,
                    -47.28154373168945,
                    0.0,
                    0.0,
                    0.0,
                    0.0,
                    0.0,
                    0.0
                ],
                "extrinsics": {
                    "rotationMatrix": [
                        [
                            0.9999467730522156,
                            -3.0178719043760793e-06,
                            0.010315347462892532
                        ],
                        [
                            -3.065330020035617e-05,
                            0.999994695186615,
                            0.0032640222925692797
                        ],
                        [
                            -0.01031530275940895,
                            -0.003264164784923196,
                            0.9999414682388306
                        ]
                    ],
                    "specTranslation": {
                        "x": 3.75,
                        "y": 0.0,
                        "z": 0.0
                    },
                    "toCameraSocket": 0,
                    "translation": {
                        "x": 3.7238128185272217,
                        "y": -0.02558436058461666,
                        "z": -0.21816422045230865
                    }
                },
                "height": 800,
                "intrinsicMatrix": [
                    [
                        799.5633544921875,
                        0.0,
                        656.95361328125
                    ],
                    [
                        0.0,
                        799.5633544921875,
                        408.10113525390625
                    ],
                    [
                        0.0,
                        0.0,
                        1.0
                    ]
                ],
                "lensPosition": 0,
                "specHfovDeg": 71.86000061035156,
                "width": 1280
            }
        ],
        [
            1,
            {
                "cameraType": 0,
                "distortionCoeff": [
                    -11.288753509521484,
                    113.84883117675781,
                    0.00011411112791392952,
                    0.0004959396901540458,
                    -70.7862548828125,
                    -11.320478439331055,
                    113.2205581665039,
                    -69.06963348388672,
                    0.0,
                    0.0,
                    0.0,
                    0.0,
                    0.0,
                    0.0
                ],
                "extrinsics": {
                    "rotationMatrix": [
                        [
                            0.9998143315315247,
                            0.0018963314360007644,
                            -0.019175510853528976
                        ],
                        [
                            -0.0017809588462114334,
                            0.9999802112579346,
                            0.006031951401382685
                        ],
                        [
                            0.01918656937777996,
                            -0.005996680818498135,
                            0.9997979402542114
                        ]
                    ],
                    "specTranslation": {
                        "x": -7.5,
                        "y": 0.0,
                        "z": 0.0
                    },
                    "toCameraSocket": 2,
                    "translation": {
                        "x": -7.507347106933594,
                        "y": -0.0285849180072546,
                        "z": -0.08470841497182846
                    }
                },
                "height": 800,
                "intrinsicMatrix": [
                    [
                        802.6099243164063,
                        0.0,
                        642.5584106445313
                    ],
                    [
                        0.0,
                        802.6099243164063,
                        398.7788391113281
                    ],
                    [
                        0.0,
                        0.0,
                        1.0
                    ]
                ],
                "lensPosition": 0,
                "specHfovDeg": 71.86000061035156,
                "width": 1280
            }
        ],
        [
            0,
            {
                "cameraType": 0,
                "distortionCoeff": [
                    21.46302032470703,
                    -177.22189331054688,
                    -0.00012646755203604698,
                    -0.0011751300189644098,
                    446.62164306640625,
                    21.023767471313477,
                    -174.5592041015625,
                    440.0614013671875,
                    0.0,
                    0.0,
                    0.0,
                    0.0,
                    0.0,
                    0.0
                ],
                "extrinsics": {
                    "rotationMatrix": [
                        [
                            0.0,
                            0.0,
                            0.0
                        ],
                        [
                            0.0,
                            0.0,
                            0.0
                        ],
                        [
                            0.0,
                            0.0,
                            0.0
                        ]
                    ],
                    "specTranslation": {
                        "x": 0.0,
                        "y": 0.0,
                        "z": 0.0
                    },
                    "toCameraSocket": -1,
                    "translation": {
                        "x": 0.0,
                        "y": 0.0,
                        "z": 0.0
                    }
                },
                "height": 2160,
                "intrinsicMatrix": [
                    [
                        3060.358154296875,
                        0.0,
                        1914.0440673828125
                    ],
                    [
                        0.0,
                        3060.358154296875,
                        1083.5113525390625
                    ],
                    [
                        0.0,
                        0.0,
                        1.0
                    ]
                ],
                "lensPosition": 0,
                "specHfovDeg": 68.7938003540039,
                "width": 3840
            }
        ]
    ],
    "deviceName": "",
    "hardwareConf": "F1-FV00-BC001",
    "housingExtrinsics": {
        "rotationMatrix": [],
        "specTranslation": {
            "x": 0.0,
            "y": 0.0,
            "z": 0.0
        },
        "toCameraSocket": -1,
        "translation": {
            "x": 0.0,
            "y": 0.0,
            "z": 0.0
        }
    },
    "imuExtrinsics": {
        "rotationMatrix": [
            [
                0.0,
                0.0,
                0.0
            ],
            [
                0.0,
                0.0,
                0.0
            ],
            [
                0.0,
                0.0,
                0.0
            ]
        ],
        "specTranslation": {
            "x": 0.0,